video,start_time,end_time,scene_label,scene_id
14640322_2160_3840_50fps.mp4,0.0,18.24,other,14640322_2160_3840_50fps.mp4::scene_0001
146944-790648611_medium.mp4,0.0,34.301,outdoor,146944-790648611_medium.mp4::scene_0001
174137-850771213_medium.mp4,0.0,12.346,other,174137-850771213_medium.mp4::scene_0001
272667_medium.mp4,0.0,17.133,dramatic,272667_medium.mp4::scene_0001
305346_medium.mp4,0.0,5.208,other,305346_medium.mp4::scene_0001
3473-170690984_medium.mp4,0.0,6.0,travel,3473-170690984_medium.mp4::scene_0001
3473-170690984_medium.mp4,6.0,8.008,travel,3473-170690984_medium.mp4::scene_0002
35266-407130741_medium.mp4,0.0,7.207,travel,35266-407130741_medium.mp4::scene_0001
536-137078182_medium.mp4,0.0,5.0,outdoor,536-137078182_medium.mp4::scene_0001
536-137078182_medium.mp4,5.0,19.686,travel,536-137078182_medium.mp4::scene_0002
5646650-hd_1920_1080_24fps.mp4,0.0,19.394,outdoor,5646650-hd_1920_1080_24fps.mp4::scene_0001
6296646-uhd_2560_1080_25fps.mp4,0.0,12.48,fight,6296646-uhd_2560_1080_25fps.mp4::scene_0001
6381028-uhd_2160_3840_24fps.mp4,0.0,10.01,dramatic,6381028-uhd_2160_3840_24fps.mp4::scene_0001
8039499-uhd_4096_2160_25fps.mp4,0.0,11.04,other,8039499-uhd_4096_2160_25fps.mp4::scene_0001
WhatsApp Video 2026-09-25 at 10.12.38 PM.mp4,0.0,2.0,indoor,WhatsApp Video 2026-09-25 at 10.12.38 PM.mp4::scene_0001
WhatsApp Video 2026-09-25 at 10.12.38 PM.mp4,2.0,6.0,indoor,WhatsApp Video 2026-09-25 at 10.12.38 PM.mp4::scene_0002
WhatsApp Video 2026-09-25 at 10.12.38 PM.mp4,6.0,29.467,indoor,WhatsApp Video 2026-09-25 at 10.12.38 PM.mp4::scene_0003
