scene_id,video,start_time,end_time
14640322_2160_3840_50fps.mp4::scene_0001,14640322_2160_3840_50fps.mp4,0.0,18.24
146944-790648611_medium.mp4::scene_0001,146944-790648611_medium.mp4,0.0,34.301
174137-850771213_medium.mp4::scene_0001,174137-850771213_medium.mp4,0.0,12.346
272667_medium.mp4::scene_0001,272667_medium.mp4,0.0,17.133
305346_medium.mp4::scene_0001,305346_medium.mp4,0.0,5.208
3473-170690984_medium.mp4::scene_0001,3473-170690984_medium.mp4,0.0,6.0
3473-170690984_medium.mp4::scene_0002,3473-170690984_medium.mp4,6.0,8.008
35266-407130741_medium.mp4::scene_0001,35266-407130741_medium.mp4,0.0,7.207
536-137078182_medium.mp4::scene_0001,536-137078182_medium.mp4,0.0,5.0
536-137078182_medium.mp4::scene_0002,536-137078182_medium.mp4,5.0,19.686
5646650-hd_1920_1080_24fps.mp4::scene_0001,5646650-hd_1920_1080_24fps.mp4,0.0,19.394
6296646-uhd_2560_1080_25fps.mp4::scene_0001,6296646-uhd_2560_1080_25fps.mp4,0.0,12.48
6381028-uhd_2160_3840_24fps.mp4::scene_0001,6381028-uhd_2160_3840_24fps.mp4,0.0,10.01
8039499-uhd_4096_2160_25fps.mp4::scene_0001,8039499-uhd_4096_2160_25fps.mp4,0.0,11.04
WhatsApp Video 2026-09-25 at 10.12.38 PM.mp4::scene_0001,WhatsApp Video 2026-09-25 at 10.12.38 PM.mp4,0.0,2.0
WhatsApp Video 2026-09-25 at 10.12.38 PM.mp4::scene_0002,WhatsApp Video 2026-09-25 at 10.12.38 PM.mp4,2.0,6.0
WhatsApp Video 2026-09-25 at 10.12.38 PM.mp4::scene_0003,WhatsApp Video 2026-09-25 at 10.12.38 PM.mp4,6.0,29.467
