filename,duration_seconds,fps,resolution,width,height,frame_count
14640322_2160_3840_50fps.mp4,18.24,50.0,2160x3840,2160,3840,912
146944-790648611_medium.mp4,34.301,29.97,1280x720,1280,720,1028
174137-850771213_medium.mp4,12.346,23.976,2560x1440,2560,1440,296
272667_medium.mp4,17.133,30.0,1280x720,1280,720,514
305346_medium.mp4,5.208,24.0,2560x1440,2560,1440,125
3473-170690984_medium.mp4,8.008,29.97,1280x720,1280,720,240
35266-407130741_medium.mp4,7.207,29.97,2732x1440,2732,1440,216
536-137078182_medium.mp4,19.686,29.97,1280x720,1280,720,590
5646650-hd_1920_1080_24fps.mp4,19.394,23.976,1920x1080,1920,1080,465
6296646-uhd_2560_1080_25fps.mp4,12.48,25.0,2560x1080,2560,1080,312
6381028-uhd_2160_3840_24fps.mp4,10.01,23.976,2160x3840,2160,3840,240
8039499-uhd_4096_2160_25fps.mp4,11.04,25.0,4096x2160,4096,2160,276
WhatsApp Video 2026-09-25 at 10.12.38 PM.mp4,29.467,30.0,720x1280,720,1280,884
